{
  "start": 10000.0,
  "realized": -28.556868205068923,
  "trades": 6,
  "liquidations": 0,
  "last_equity": 9967.87,
  "last_ret": -0.32,
  "last_ts": "21:33:12 UTC",
  "pos": {
    "BTC-USD": {
      "cash": 0.0,
      "units": 0.051966697617802884,
      "entry": 64079.5,
      "margin": 1666.6666666666667,
      "liq": 33641.7375
    },
    "ETH-USD": {
      "cash": 0.0,
      "units": 1.8289869719006084,
      "entry": 1820.68,
      "margin": 1666.6666666666667,
      "liq": 955.8570000000001
    },
    "SOL-USD": {
      "cash": 0.0,
      "units": 42.96774193548387,
      "entry": 77.5,
      "margin": 1666.6666666666667,
      "liq": 40.6875
    },
    "XRP-USD": {
      "cash": 1646.4178109769018,
      "units": 0.0,
      "entry": null,
      "margin": 0.0,
      "liq": null
    },
    "DOGE-USD": {
      "cash": 1658.3586541513628,
      "units": 0.0,
      "entry": null,
      "margin": 0.0,
      "liq": null
    },
    "LINK-USD": {
      "cash": 0.0,
      "units": 414.48842419716203,
      "entry": 8.034,
      "margin": 1666.6666666666667,
      "liq": 4.21785
    }
  },
  "leverage": 2.0,
  "guard": {
    "BTC-USD": {
      "p": 64167.05,
      "t": 1783891991.908632
    },
    "ETH-USD": {
      "p": 1814.19,
      "t": 1783891991.984076
    },
    "SOL-USD": {
      "p": 77.24,
      "t": 1783891992.063048
    },
    "XRP-USD": {
      "p": 1.0955,
      "t": 1783891992.1394858
    },
    "DOGE-USD": {
      "p": 0.0734,
      "t": 1783891992.206212
    },
    "LINK-USD": {
      "p": 8.07,
      "t": 1783891992.273844
    }
  },
  "last_brief": "2026-07-12",
  "peak": 10028.33
}