{
  "start": 10000.0,
  "realized": -108.0974671216557,
  "trades": 6,
  "liquidations": 0,
  "last_equity": 9891.9,
  "last_ret": -1.08,
  "last_ts": "22:19:05 UTC",
  "pos": {
    "BTC-USD": {
      "cash": 1653.175915530968,
      "units": 0.0,
      "entry": null,
      "margin": 0.0,
      "liq": null
    },
    "ETH-USD": {
      "cash": 1647.513478517184,
      "units": 0.0,
      "entry": null,
      "margin": 0.0,
      "liq": null
    },
    "SOL-USD": {
      "cash": 1649.6007389247316,
      "units": 0.0,
      "entry": null,
      "margin": 0.0,
      "liq": null
    },
    "XRP-USD": {
      "cash": 1646.4178109769018,
      "units": 0.0,
      "entry": null,
      "margin": 0.0,
      "liq": null
    },
    "DOGE-USD": {
      "cash": 1658.3586541513628,
      "units": 0.0,
      "entry": null,
      "margin": 0.0,
      "liq": null
    },
    "LINK-USD": {
      "cash": 1636.8359347771966,
      "units": 0.0,
      "entry": null,
      "margin": 0.0,
      "liq": null
    }
  },
  "leverage": 2.0,
  "guard": {
    "BTC-USD": {
      "p": 63883.78,
      "t": 1783894744.431194
    },
    "ETH-USD": {
      "p": 1801.2,
      "t": 1783894744.519528
    },
    "SOL-USD": {
      "p": 76.66,
      "t": 1783894744.612351
    },
    "XRP-USD": {
      "p": 1.087,
      "t": 1783894744.7605069
    },
    "DOGE-USD": {
      "p": 0.07267,
      "t": 1783894744.895956
    },
    "LINK-USD": {
      "p": 7.97,
      "t": 1783894745.009624
    }
  },
  "last_brief": "2026-07-12",
  "peak": 10028.33
}