{
  "start": 10000.0,
  "realized": -78.26673523218555,
  "trades": 6,
  "liquidations": 0,
  "last_equity": 9915.93,
  "last_ret": -0.84,
  "last_ts": "22:06:43 UTC",
  "pos": {
    "BTC-USD": {
      "cash": 1653.175915530968,
      "units": 0.0,
      "entry": null,
      "margin": 0.0,
      "liq": null
    },
    "ETH-USD": {
      "cash": 1647.513478517184,
      "units": 0.0,
      "entry": null,
      "margin": 0.0,
      "liq": null
    },
    "SOL-USD": {
      "cash": 1649.6007389247316,
      "units": 0.0,
      "entry": null,
      "margin": 0.0,
      "liq": null
    },
    "XRP-USD": {
      "cash": 1646.4178109769018,
      "units": 0.0,
      "entry": null,
      "margin": 0.0,
      "liq": null
    },
    "DOGE-USD": {
      "cash": 1658.3586541513628,
      "units": 0.0,
      "entry": null,
      "margin": 0.0,
      "liq": null
    },
    "LINK-USD": {
      "cash": 0.0,
      "units": 414.48842419716203,
      "entry": 8.034,
      "margin": 1666.6666666666667,
      "liq": 4.21785
    }
  },
  "leverage": 2.0,
  "guard": {
    "BTC-USD": {
      "p": 63883.78,
      "t": 1783894002.586963
    },
    "ETH-USD": {
      "p": 1811.4,
      "t": 1783894002.678177
    },
    "SOL-USD": {
      "p": 77.06,
      "t": 1783894002.767041
    },
    "XRP-USD": {
      "p": 1.0936,
      "t": 1783894002.862762
    },
    "DOGE-USD": {
      "p": 0.07291,
      "t": 1783894002.940568
    },
    "LINK-USD": {
      "p": 8.02,
      "t": 1783894003.020054
    }
  },
  "last_brief": "2026-07-12",
  "peak": 10028.33
}