{
  "start": 10000.0,
  "realized": -8.308012515303993,
  "trades": 6,
  "liquidations": 0,
  "last_equity": 10009.63,
  "last_ret": 0.1,
  "last_ts": "21:20:59 UTC",
  "pos": {
    "BTC-USD": {
      "cash": 0.0,
      "units": 0.051966697617802884,
      "entry": 64079.5,
      "margin": 1666.6666666666667,
      "liq": 33641.7375
    },
    "ETH-USD": {
      "cash": 0.0,
      "units": 1.8289869719006084,
      "entry": 1820.68,
      "margin": 1666.6666666666667,
      "liq": 955.8570000000001
    },
    "SOL-USD": {
      "cash": 0.0,
      "units": 42.96774193548387,
      "entry": 77.5,
      "margin": 1666.6666666666667,
      "liq": 40.6875
    },
    "XRP-USD": {
      "cash": 0.0,
      "units": 3024.2484787939334,
      "entry": 1.1011,
      "margin": 1666.6666666666667,
      "liq": 0.5780775
    },
    "DOGE-USD": {
      "cash": 1658.3586541513628,
      "units": 0.0,
      "entry": null,
      "margin": 0.0,
      "liq": null
    },
    "LINK-USD": {
      "cash": 0.0,
      "units": 414.48842419716203,
      "entry": 8.034,
      "margin": 1666.6666666666667,
      "liq": 4.21785
    }
  },
  "leverage": 2.0,
  "guard": {
    "BTC-USD": {
      "p": 64167.05,
      "t": 1783891258.643617
    },
    "ETH-USD": {
      "p": 1818.92,
      "t": 1783891258.7237802
    },
    "SOL-USD": {
      "p": 77.5,
      "t": 1783891258.8049479
    },
    "XRP-USD": {
      "p": 1.0996,
      "t": 1783891258.890931
    },
    "DOGE-USD": {
      "p": 0.0734,
      "t": 1783891258.9721012
    },
    "LINK-USD": {
      "p": 8.085,
      "t": 1783891259.0941062
    }
  },
  "last_brief": "2026-07-12",
  "peak": 10028.33
}