{
  "start": 10000.0,
  "realized": 0.0,
  "trades": 6,
  "liquidations": 0,
  "last_equity": 10000.0,
  "last_ret": 0.0,
  "last_ts": "17:02:09 UTC",
  "pos": {
    "BTC-USD": {
      "cash": 0.0,
      "units": 0.051966697617802884,
      "entry": 64079.5,
      "margin": 1666.6666666666667,
      "liq": 33641.7375
    },
    "ETH-USD": {
      "cash": 0.0,
      "units": 1.8289869719006084,
      "entry": 1820.68,
      "margin": 1666.6666666666667,
      "liq": 955.8570000000001
    },
    "SOL-USD": {
      "cash": 0.0,
      "units": 42.96774193548387,
      "entry": 77.5,
      "margin": 1666.6666666666667,
      "liq": 40.6875
    },
    "XRP-USD": {
      "cash": 0.0,
      "units": 3024.2484787939334,
      "entry": 1.1011,
      "margin": 1666.6666666666667,
      "liq": 0.5780775
    },
    "DOGE-USD": {
      "cash": 0.0,
      "units": 45299.95918922595,
      "entry": 0.07351,
      "margin": 1666.6666666666667,
      "liq": 0.03859275
    },
    "LINK-USD": {
      "cash": 0.0,
      "units": 414.48842419716203,
      "entry": 8.034,
      "margin": 1666.6666666666667,
      "liq": 4.21785
    }
  },
  "leverage": 2.0
}