{
  "start": 10000.0,
  "realized": -64.77598409648687,
  "trades": 6,
  "liquidations": 0,
  "last_equity": 9944.68,
  "last_ret": -0.55,
  "last_ts": "21:48:30 UTC",
  "pos": {
    "BTC-USD": {
      "cash": 0.0,
      "units": 0.051966697617802884,
      "entry": 64079.5,
      "margin": 1666.6666666666667,
      "liq": 33641.7375
    },
    "ETH-USD": {
      "cash": 1647.513478517184,
      "units": 0.0,
      "entry": null,
      "margin": 0.0,
      "liq": null
    },
    "SOL-USD": {
      "cash": 1649.6007389247316,
      "units": 0.0,
      "entry": null,
      "margin": 0.0,
      "liq": null
    },
    "XRP-USD": {
      "cash": 1646.4178109769018,
      "units": 0.0,
      "entry": null,
      "margin": 0.0,
      "liq": null
    },
    "DOGE-USD": {
      "cash": 1658.3586541513628,
      "units": 0.0,
      "entry": null,
      "margin": 0.0,
      "liq": null
    },
    "LINK-USD": {
      "cash": 0.0,
      "units": 414.48842419716203,
      "entry": 8.034,
      "margin": 1666.6666666666667,
      "liq": 4.21785
    }
  },
  "leverage": 2.0,
  "guard": {
    "BTC-USD": {
      "p": 64062,
      "t": 1783892910.4182348
    },
    "ETH-USD": {
      "p": 1812.02,
      "t": 1783892910.503944
    },
    "SOL-USD": {
      "p": 77.18,
      "t": 1783892910.586862
    },
    "XRP-USD": {
      "p": 1.0948,
      "t": 1783892910.6828082
    },
    "DOGE-USD": {
      "p": 0.07305,
      "t": 1783892910.777952
    },
    "LINK-USD": {
      "p": 8.059,
      "t": 1783892910.9035919
    }
  },
  "last_brief": "2026-07-12",
  "peak": 10028.33
}